코드,품명,견적가격,물가자료,물가정보,품목순위
34390717011,연강용 피복아크 용접봉,"3,100.00","3,100.00","2,836.00",33/34
34390797011,스테인리스강용 피복아크 용접봉,"9,660.00","9,160.00","8,985.00",19/28
34390917002,용접기손료,77,77,77,20/30
36940227004,점검구,"9,000.00","15,000.00","15,000.00",6/34
41300247007,디퓨져,"24,050.00","34,000.00","40,000.00",14/32
41400227424,공조덕트(플렉시블),"6,800.00","8,000.00","8,000.00",10/21
41400227474,공조덕트(플렉시블),"14,238.00","16,750.00","16,750.00",15/34
41400227476,공조덕트(플렉시블),"17,085.00","20,100.00","20,100.00",14/29
41400237002,C크리트바,0,0,0,11/21
41400237010,캔버스,"7,500.00","8,500.00","15,000.00",23/33
41400247002,행거레일,"1,465.00","1,265.00","1,465.00",3/31
41400257001,행가로드,870,870,970,16/34
41400267001,보강바,"1,278.00","1,378.00","1,578.00",9/26
41400267002,직결비스,7,7,7,10/21
45100077093,사이폰관(압력계설치용),"3,460.00","3,760.00","4,360.00",1/27
45400077196,관보온재,"2,430.00","2,230.00","2,929.00",22/39
45400077197,관보온재,"2,559.00","2,459.00","3,229.00",20/20
45400077198,관보온재,"3,096.00","2,596.00","3,405.00",9/39
45400077199,관보온재,"2,987.00","2,787.00","3,607.00",7/22
45400077200,관보온재,"2,762.00","3,162.00","4,091.00",7/26
45400077201,관보온재,"3,058.00","3,658.00","4,733.00",25/40
45400077202,관보온재,"4,641.00","4,041.00","5,226.00",15/28
45400077217,관보온재,"5,554.00","6,454.00","8,340.00",1/27
45400077218,관보온재,"6,538.00","7,438.00","9,615.00",14/27
45400077391,관보온재,"1,593.00","2,033.00","2,236.00",3/26
45400077392,관보온재,"1,705.00","2,261.00","2,519.00",17/20
45400077393,관보온재,"1,903.00","2,462.00","2,740.00",14/28
45400077396,관보온재,"2,683.00","3,640.00","4,001.00",26/40
45400077424,관보온재,"5,181.00","6,478.00","7,634.00",3/31
45400077425,관보온재,"6,160.00","7,710.00","8,906.00",9/32
45400077426,관보온재,"8,136.00","10,181.00","11,357.00",29/38
45400077428,관보온재,"14,311.00","17,896.00","20,259.00",12/24
47100407003,일반배관용 스테인리스 강관,"2,696.00","2,930.00","3,440.00",31/34
47100407004,일반배관용 스테인리스 강관,"3,809.00","4,140.00","4,790.00",7/26
47100407005,일반배관용 스테인리스 강관,"4,655.00","5,060.00","5,850.00",6/30
47100417201,배관용 스테인리스 강관,"3,488.00","4,110.00","4,556.00",7/29
47100417247,배관용 스테인리스 강관,"17,238.00","19,130.00","21,194.00",27/38
47100417248,배관용 스테인리스 강관,"21,233.00","23,560.00","26,140.00",23/25
47100417413,배관용 스테인리스 강관,"7,540.00","8,370.00","9,262.00",19/27
47100417414,배관용 스테인리스 강관,"9,614.00","10,670.00","11,844.00",5/23
47100417415,배관용 스테인리스 강관,"11,016.00","12,250.00","13,596.00",26/32
47100417416,배관용 스테인리스 강관,"13,214.00","15,430.00","17,128.00",33/33
47100487001,배관용 탄소강관,"1,289.00","1,760.00","1,752.00",31/36
47100487002,배관용 탄소강관,"1,661.00","2,260.00","2,258.00",12/21
47100487004,배관용 탄소강관,"3,094.00","4,220.00","4,243.00",22/26
47100487005,배관용 탄소강관,"3,554.00","4,840.00","4,875.00",2/21
47100487007,배관용 탄소강관,"6,398.00","8,720.00","8,776.00",13/21
47100487008,배관용 탄소강관,"8,309.00","11,330.00","11,397.00",26/29
47100487009,배관용 탄소강관,"11,919.00","16,260.00","16,345.00",11/20
47100487010,배관용 탄소강관,"15,786.00","21,530.00","21,660.00",11/31
47100487012,배관용 탄소강관,"29,699.00","40,510.00","40,731.00",30/33
47100487014,배관용 탄소강관,"55,065.00","75,120.00","75,072.00",07월 27일
47100487101,배관용 탄소강관,922,"1,320.00","1,360.00",5/36
47100487102,배관용 탄소강관,"1,188.00","1,710.00","1,753.00",25/32
47100487103,배관용 탄소강관,"1,826.00","2,620.00","2,688.00",12월 20일
47100487104,배관용 탄소강관,"2,339.00","3,360.00","3,453.00",18/22
47100487105,배관용 탄소강관,"2,690.00","3,870.00","3,967.00",12월 20일
47100487106,배관용 탄소강관,"3,786.00","5,450.00","5,588.00",21/26
47100487107,배관용 탄소강관,"4,840.00","6,960.00","7,143.00",25/29
47100487108,배관용 탄소강관,"6,285.00","9,040.00","9,278.00",9/34
47100487109,배관용 탄소강관,"9,015.00","12,970.00","13,307.00",16/38
47100487110,배관용 탄소강관,"11,943.00","17,190.00","17,625.00",11/36
47300357007,플랙시블 조인트,"40,000.00","50,000.00","57,500.00",32/39
47300357008,플랙시블 조인트,"46,400.00","58,000.00","63,000.00",20/39
47300357010,플랙시블 조인트,"88,800.00","111,000.00","118,500.00",28/31
47300357012,플랙시블 조인트,"153,300.00","200,000.00","201,000.00",31/31
47300627001,스트레이너,"14,960.00","23,100.00","24,100.00",7/35
47300627003,스트레이너,"28,480.00","38,900.00","45,500.00",1/33
47300627004,스트레이너,"35,200.00","52,500.00","54,900.00",37/40
47300627005,스트레이너,"48,000.00","65,900.00","64,400.00",12/36
47300627006,스트레이너,"72,000.00","90,000.00","106,200.00",30/31
47300627021,스트레이너,"70,800.00","120,000.00","119,900.00",11월 26일
47300627022,스트레이너,"93,600.00","120,000.00","99,300.00",3/39
47300627023,스트레이너,"136,000.00","160,000.00","143,200.00",01월 20일
47300627024,스트레이너,"188,800.00","340,000.00","390,900.00",10월 31일
47300627026,스트레이너,"476,000.00","620,000.00","686,700.00",12/33
47300627208,스트레이너,"225,200.00","420,000.00","420,000.00",23/25
47300627702,스트레이너,"50,600.00","55,000.00","55,000.00",01월 23일
47300627703,스트레이너,"71,500.00","63,000.00","63,000.00",01월 28일
47300627704,스트레이너,"125,800.00","119,000.00","119,000.00",33/38
47300627705,스트레이너,"169,900.00","166,000.00","166,000.00",20/37
47300627708,스트레이너,"1,054,700.00","1,148,000.00","1,148,000.00",07월 29일
47300777030,증기트랩,"479,100.00","406,000.00","406,000.00",12/38
47300777071,증기트랩,"587,900.00","528,000.00","528,000.00",1/32
47300777072,증기트랩,"815,400.00","730,000.00","730,000.00",26/35
47300777073,증기트랩,"2,579,000.00","2,850,800.00","2,278,000.00",4/31
47300777074,증기트랩,"2,471,700.00","2,278,000.00","2,278,000.00",02월 28일
47300787133,파이프슈,"2,750.00","6,960.00","4,580.00",18/34
47300787134,파이프슈,"2,750.00","7,660.00","4,580.00",16/34
47300787135,파이프슈,"2,750.00","7,660.00","4,580.00",20/29
47300787136,파이프슈,"2,750.00","9,050.00","4,580.00",26/35
47300787137,파이프슈,"2,750.00","9,740.00","4,580.00",20/23
47300787138,파이프슈,"3,840.00","11,140.00","6,400.00",27/38
47300787139,파이프슈,"3,840.00","13,920.00","6,400.00",22/24
47300787140,파이프슈,"3,840.00","15,310.00","6,400.00",2/38
47300787164,파이프슈,"6,890.00","6,380.00","10,060.00",07월 31일
47300787168,파이프슈,"10,020.00","9,280.00","14,630.00",17/31
47300787169,파이프슈,"12,520.00","11,600.00","18,290.00",33/35
47300787170,파이프슈,"13,770.00","12,760.00","20,120.00",25/33
47300787172,파이프슈,"18,790.00","17,400.00","27,440.00",05월 25일
47301037112,트랩점검기,"152,300.00","141,000.00","141,000.00",22/23
47301037113,트랩점검기,"138,900.00","170,000.00","170,000.00",25/37
47301037114,트랩점검기,"255,600.00","291,000.00","343,500.00",30/31
47301037115,트랩점검기,"325,500.00","363,000.00","410,300.00",05월 27일
47301107263,일반배관용 STS강관 이음쇠,"2,750.00","3,434.00","3,434.00",06월 24일
47301107265,일반배관용 STS강관 이음쇠,"6,850.00","8,557.00","8,557.00",10월 25일
47301108001,일반배관용 STS강관 이음쇠,790,"1,230.00","1,230.00",13/22
47301108023,일반배관용 STS강관 이음쇠,"1,050.00","1,310.00","1,390.00",22/34
47301108025,일반배관용 STS강관 이음쇠,"1,820.00","2,280.00","2,420.00",21/26
47301108026,일반배관용 STS강관 이음쇠,"2,500.00","3,130.00","3,320.00",32/37
47301108028,일반배관용 STS강관 이음쇠,"4,710.00","5,890.00","6,250.00",2/33
47301108029,일반배관용 STS강관 이음쇠,"7,200.00","9,000.00","9,550.00",05월 24일
47301108030,일반배관용 STS강관 이음쇠,"9,420.00","11,770.00","13,030.00",27/40
47301108125,일반배관용 STS강관 이음쇠,"2,430.00","3,032.00","3,032.00",11/38
47301108126,일반배관용 STS강관 이음쇠,"5,180.00","6,476.00","6,476.00",02월 20일
47301108127,일반배관용 STS강관 이음쇠,"6,410.00","8,014.00","8,014.00",1/33
47301108209,일반배관용 STS강관 이음쇠,"3,540.00","4,420.00","4,690.00",23/35
47301108212,일반배관용 STS강관 이음쇠,"8,490.00","10,610.00","11,260.00",27/32
47301108213,일반배관용 STS강관 이음쇠,"13,000.00","16,250.00","17,250.00",4/34
47301108214,일반배관용 STS강관 이음쇠,"15,700.00","19,630.00","20,290.00",11/32
47301108306,일반배관용 STS강관 이음쇠,"6,980.00","8,725.00","8,725.00",15/34
47301108314,일반배관용 STS강관 이음쇠,"12,880.00","16,100.00","16,100.00",24/29
47301108457,일반배관용 STS강관 이음쇠,"4,410.00","5,512.00","5,700.00",07월 20일
47301108458,일반배관용 STS강관 이음쇠,"5,260.00","6,591.00","6,810.00",17/26
47301108703,일반배관용 STS강관 이음쇠,"3,090.00","4,410.00","4,410.00",26/27
47301108705,일반배관용 STS강관 이음쇠,"5,080.00","8,000.00","8,000.00",32/39
47301108706,일반배관용 STS강관 이음쇠,"5,940.00","11,150.00","11,150.00",15/37
47301108707,일반배관용 STS강관 이음쇠,"6,940.00","15,500.00","15,500.00",22/22
47301108708,일반배관용 STS강관 이음쇠,"13,630.00","21,850.00","21,850.00",37/39
47301108743,일반배관용 STS강관 이음쇠,"4,260.00","11,565.00","11,465.00",1/36
47301108744,일반배관용 STS강관 이음쇠,"6,390.00","16,165.00","15,865.00",23/25
47301108758,일반배관용 STS강관 이음쇠,"1,770.00","1,870.00","2,120.00",07월 23일
47301108760,일반배관용 STS강관 이음쇠,"3,420.00","2,920.00","3,910.00",31/38
47301108761,일반배관용 STS강관 이음쇠,"4,930.00","4,930.00","5,940.00",16/23
47301108762,일반배관용 STS강관 이음쇠,"7,130.00","7,330.00","7,760.00",10/34
47301108763,일반배관용 STS강관 이음쇠,"9,370.00","9,470.00","10,920.00",22/25
47301108766,일반배관용 STS강관 이음쇠,"1,360.00","2,120.00","2,120.00",12월 31일
47301108867,일반배관용 STS강관 이음쇠,"4,600.00","5,750.00","5,750.00",2/39
47301108868,일반배관용 STS강관 이음쇠,"5,860.00","7,329.00","7,329.00",3/32
47301127002,용접식 관이음쇠,"2,966.00","4,120.00","4,230.00",5/38
47301127003,용접식 관이음쇠,"3,974.00","5,520.00","5,680.00",18/36
47301127004,용접식 관이음쇠,"7,092.00","9,850.00","10,130.00",05월 24일
47301127005,용접식 관이음쇠,"11,599.00","16,110.00","16,560.00",6/31
47301127006,용접식 관이음쇠,"16,927.00","23,510.00","24,170.00",15/20
47301127007,용접식 관이음쇠,"34,358.00","47,720.00","49,080.00",28/28
47301127032,용접식 관이음쇠,"2,016.00","2,800.00","2,960.00",20/22
47301127033,용접식 관이음쇠,"2,671.00","3,710.00","3,850.00",11/33
47301127035,용접식 관이음쇠,"7,862.00","10,920.00","11,370.00",02월 23일
47301127216,용접식 관이음쇠,"5,004.00","6,950.00","7,140.00",20/27
47301127217,용접식 관이음쇠,"6,019.00","8,360.00","8,590.00",09월 23일
47301127218,용접식 관이음쇠,"10,217.00","14,190.00","14,590.00",3/32
47301127219,용접식 관이음쇠,"15,322.00","21,280.00","21,880.00",13/37
47301127221,용접식 관이음쇠,"38,462.00","53,420.00","54,940.00",19/22
47301127241,용접식 관이음쇠,"3,629.00","5,040.00","5,470.00",03월 29일
47301127242,용접식 관이음쇠,"4,284.00","5,950.00","6,330.00",16/25
47301127243,용접식 관이음쇠,"7,056.00","10,150.00","10,080.00",7/36
47301127244,용접식 관이음쇠,"11,038.00","15,330.00","15,980.00",34/35
47301127382,용접식 관이음쇠,"1,922.00","2,670.00","2,780.00",12월 22일
47301127383,용접식 관이음쇠,"3,010.00","4,180.00","4,350.00",18/37
47301127384,용접식 관이음쇠,"4,594.00","6,380.00","6,650.00",04월 24일
47301127386,용접식 관이음쇠,"10,714.00","14,880.00","15,510.00",27/33
47301127401,용접식 관이음쇠,"1,195.00","1,680.00","1,660.00",30/31
47301127402,용접식 관이음쇠,"1,303.00","1,820.00","1,810.00",10월 27일
47301127403,용접식 관이음쇠,"2,045.00","2,870.00","2,840.00",14/25
47301127404,용접식 관이음쇠,"3,096.00","4,340.00","4,300.00",11/39
47301127705,용접식 관이음쇠,"7,780.00","6,680.00","6,880.00",10/34
47303007006,콤파운드,"11,760.00","22,000.00","21,100.00",3/38
47303007007,코킹콤파운드,"26,300.00","22,000.00","25,300.00",17/31
47303107001,광명단(KSM6030),"6,010.00","9,250.00","8,767.00",15/27
47303107002,조합페인트(KSM6020),"5,330.00","6,675.00","5,797.00",26/31
47303107022,신너,"1,780.00","3,550.00","3,583.00",11/33
47304017001,나사식 강관제 관이음쇠,425,520,710,16/27
47304017005,나사식 강관제 관이음쇠,"1,793.00","2,180.00","2,980.00",15/32
47304017031,나사식 강관제 관이음쇠,403,480,650,23/29
47304017032,나사식 강관제 관이음쇠,583,710,970,18/24
47304017033,나사식 강관제 관이음쇠,929,"1,130.00","1,550.00",07월 26일
47304017034,나사식 강관제 관이음쇠,"1,397.00","1,700.00","2,330.00",12월 27일
47304017035,나사식 강관제 관이음쇠,"1,656.00","2,010.00","2,770.00",24/38
47304017036,나사식 강관제 관이음쇠,"2,592.00","3,140.00","4,340.00",21/39
47304017132,나사식 강관제 관이음쇠,850,"1,040.00","1,420.00",01월 30일
47304017133,나사식 강관제 관이음쇠,"1,289.00","1,570.00","2,160.00",8/34
47304017134,나사식 강관제 관이음쇠,"1,735.00","2,110.00","2,900.00",20/31
47304017135,나사식 강관제 관이음쇠,"2,326.00","2,820.00","3,890.00",13/38
47304017136,나사식 강관제 관이음쇠,"3,377.00","4,100.00","5,640.00",8/37
47304017232,나사식 강관제 관이음쇠,530,530,730,14/26
47304017235,나사식 강관제 관이음쇠,"1,440.00","1,340.00","1,830.00",17/21
47304017236,나사식 강관제 관이음쇠,"2,520.00","2,120.00","2,920.00",24/24
47304017301,나사식 강관제 관이음쇠,569,690,950,02월 20일
47304017305,나사식 강관제 관이음쇠,"1,670.00","2,030.00","2,790.00",11월 21일
47304017331,나사식 강관제 관이음쇠,446,540,740,9/33
47304017332,나사식 강관제 관이음쇠,518,630,870,13/26
47304017333,나사식 강관제 관이음쇠,742,900,"1,240.00",18/21
47304017334,나사식 강관제 관이음쇠,943,"1,150.00","1,580.00",09월 24일
47304017335,나사식 강관제 관이음쇠,"1,354.00","1,640.00","2,270.00",5/37
47304017336,나사식 강관제 관이음쇠,"1,613.00","1,960.00","2,700.00",23/27
47304017405,나사식 강관제 관이음쇠,"5,256.00","6,380.00","8,790.00",11/35
47304017432,나사식 강관제 관이음쇠,"1,836.00","2,230.00","3,070.00",07월 27일
47304017433,나사식 강관제 관이음쇠,"2,578.00","3,130.00","4,310.00",15/27
47304017434,나사식 강관제 관이음쇠,"3,254.00","3,950.00","5,450.00",26/26
47304017435,나사식 강관제 관이음쇠,"4,205.00","5,110.00","7,040.00",6/31
47304017436,나사식 강관제 관이음쇠,"5,407.00","6,560.00","9,050.00",22/30
47304017501,나사식 강관제 관이음쇠,468,560,780,16/22
47304017531,나사식 강관제 관이음쇠,374,450,620,18/33
47304017533,나사식 강관제 관이음쇠,720,880,"1,200.00",21/31
47304017701,나사식 강관제 관이음쇠,511,620,860,04월 20일
47304017731,나사식 강관제 관이음쇠,410,500,690,4/39
47304017834,나사식 강관제 관이음쇠,842,"1,020.00","1,410.00",30/39
47305257103,플랜지(FLANGE),"2,800.00","3,500.00","3,420.00",08월 20일
47305257105,플랜지(FLANGE),"3,840.00","4,770.00","4,680.00",21/24
47305257106,플랜지(FLANGE),"4,160.00","5,720.00","5,070.00",16/20
47305257107,플랜지(FLANGE),"5,760.00","7,940.00","7,030.00",12월 26일
47305257108,플랜지(FLANGE),"5,940.00","8,370.00","7,240.00",16/25
47305257109,플랜지(FLANGE),"6,640.00","9,380.00","8,100.00",19/33
47305257110,플랜지(FLANGE),"10,000.00","14,320.00","12,210.00",31/35
47305257111,플랜지(FLANGE),"13,300.00","19,070.00","16,260.00",08월 30일
47305257112,플랜지(FLANGE),"15,800.00","22,570.00","19,250.00",03월 30일
47305257202,플랜지(FLANGE),"24,340.00","42,050.00","36,690.00",2/32
47305257404,플랜지(FLANGE),"9,050.00","16,200.00","11,600.00",05월 27일
47305257405,플랜지(FLANGE),"9,610.00","17,400.00","12,320.00",4/35
47305257407,플랜지(FLANGE),"15,290.00","28,600.00","19,600.00",11월 21일
47305257408,플랜지(FLANGE),"16,410.00","29,800.00","21,040.00",6/32
47305257412,플랜지(FLANGE),"48,050.00","86,100.00","61,600.00",17/30
47305257438,플랜지(FLANGE),"24,930.00","32,000.00","30,400.00",19/28
47305257759,플랜지(FLANGE),"4,050.00","4,349.00","5,002.00",03월 24일
47305257760,플랜지(FLANGE),"4,770.00","5,085.00","6,001.00",08월 30일
47305257761,플랜지(FLANGE),"6,210.00","6,574.00","7,730.00",25/40
47305257762,플랜지(FLANGE),"7,610.00","8,034.00","9,550.00",32/38
47305257763,플랜지(FLANGE),"9,130.00","9,649.00","11,349.00",3/40
47305267001,코너플레이트,700,800,600,8/36
48100097001,전자 밸브,"112,400.00","116,500.00","128,000.00",09월 24일
48200037102,글로브 밸브,"11,530.00","14,420.00","14,560.00",12/32
48200037103,글로브 밸브,"16,400.00","20,520.00","20,730.00",15/38
48200037104,글로브 밸브,"24,800.00","31,020.00","31,330.00",03월 29일
48200037105,글로브 밸브,"31,900.00","39,910.00","40,300.00",26/30
48200037106,글로브 밸브,"48,000.00","60,120.00","60,710.00",14/20
48200037202,글로브 밸브,"86,630.00","104,300.00","95,200.00",35/40
48200037203,글로브 밸브,"112,620.00","129,800.00","123,760.00",28/36
48200037204,글로브 밸브,"156,970.00","172,500.00","174,080.00",24/38
48200037205,글로브 밸브,"235,500.00","258,800.00","263,840.00",09월 28일
48200037206,글로브 밸브,"335,790.00","369,000.00","374,000.00",02월 25일
48200037207,글로브 밸브,"548,730.00","603,000.00","610,640.00",28/28
48200067007,벨로즈형스톱밸브(300˚ C용),"773,000.00","839,200.00","929,000.00",22/28
48200067010,벨로즈형스톱밸브(300˚ C용),"3,880,800.00","3,389,100.00","3,319,000.00",03월 24일
48200127024,플로우트 밸브,"25,950.00","23,350.00","32,440.00",27/31
48200137052,버터플라이 밸브,"65,200.00","179,900.00","179,900.00",12월 28일
48200137053,버터플라이 밸브,"72,000.00","196,100.00","196,100.00",15/27
48200137153,버터플라이 밸브,"112,000.00","213,700.00","313,700.00",2/39
48200137154,버터플라이 밸브,"132,000.00","367,200.00","367,200.00",12/33
48200137155,버터플라이 밸브,"160,000.00","425,700.00","425,700.00",03월 29일
48200137157,버터플라이 밸브,"296,000.00","817,300.00","817,300.00",14/26
48200147101,볼 밸브,"2,900.00","3,870.00","4,620.00",3/32
48200147103,볼 밸브,"6,750.00","9,000.00","11,220.00",24/34
48200147104,볼 밸브,"10,740.00","14,320.00","17,000.00",29/29
48200147105,볼 밸브,"15,600.00","20,900.00","25,160.00",16/40
48200147106,볼 밸브,"22,500.00","30,010.00","37,190.00",23/27
48200167101,게이트 밸브,"8,800.00","11,030.00","11,050.00",6/32
48200167102,게이트 밸브,"12,000.00","15,110.00","15,140.00",14/32
48200167103,게이트 밸브,"17,300.00","21,670.00","21,710.00",6/34
48200167104,게이트 밸브,"24,600.00","30,810.00","30,870.00",32/37
48200167105,게이트 밸브,"32,800.00","41,000.00","41,080.00",20/24
48200167106,게이트 밸브,"49,000.00","61,250.00","61,360.00",06월 23일
48200167202,게이트 밸브,"68,710.00","81,800.00","90,440.00",14/21
48200167203,게이트 밸브,"83,850.00","97,500.00","105,400.00",04월 23일
48200167204,게이트 밸브,"125,810.00","146,300.00","159,800.00",18/32
48200167205,게이트 밸브,"160,650.00","189,000.00","208,760.00",24/38
48200167207,게이트 밸브,"388,080.00","441,000.00","445,400.00",19/29
48200237203,감압 밸브,"236,600.00","272,000.00","290,300.00",09월 20일
48200237421,감압 밸브 (사코),"7,747,900.00","7,507,000.00","7,507,000.00",12월 23일
48200257001,공기 밸브,"184,600.00","169,100.00","187,000.00",14/26
48200257021,공기 밸브,"40,900.00","48,200.00","183,000.00",24/28
48200297001,안전 밸브,"60,000.00","78,000.00","72,900.00",10/35
48200297403,안전 밸브,"1,221,900.00","1,226,000.00","1,226,000.00",24/36
48200297405,안전 밸브,"1,580,000.00","1,806,000.00","1,806,000.00",13/26
48200427104,체크 밸브,"19,100.00","25,550.00","25,800.00",18/22
48200428308,체크 밸브,"62,700.00","57,600.00","106,080.00",08월 31일
48200428312,체크 밸브,"341,830.00","286,730.00","542,640.00",24/32
53060037133,볼트너트,44,44,42,25/31
53060037134,볼트너트,77,77,75,13/23
53060037137,볼트너트,290,290,275,02월 25일
53060037138,볼트너트,301,301,285,09월 22일
53060037139,볼트너트,312,312,296,06월 24일
53060037140,볼트너트,665,565,543,31/31
53060037141,볼트너트,483,583,570,29/38
53060037148,스테인리스 볼트너트,"1,186.00","1,286.00",894,08월 26일
53060037149,스테인리스 볼트너트,"1,086.00","1,286.00",933,24/31
53060037151,스테인리스 볼트너트,"2,366.00","2,466.00","1,792.00",9/40
53060228321,U자형볼트/너트,411,411,511,14/22
53060228323,U자형볼트/너트,713,713,613,24/38
53060228324,U자형볼트/너트,551,651,651,13/27
53060228325,U자형볼트/너트,802,802,702,21/21
53060228326,U자형볼트/너트,791,691,791,10월 28일
53060228327,U자형볼트/너트,"1,122.00","1,222.00","1,022.00",10/34
53060228328,U자형볼트/너트,"1,011.00","1,111.00","1,111.00",24/36
53060228337,U자형볼트/너트,275,275,263,14/30
53060228339,U자형볼트/너트,340,340,312,2/30
53060228342,U자형볼트/너트,989,"1,089.00","1,076.00",03월 30일
53060228344,U자형볼트/너트,"2,143.00","1,843.00","1,724.00",22/40
53060357000,동리벳,14,14,14,17/30
53060807023,스트롱앵커,100,100,100,24/34
53100027801,6각너트,25,25,21,15/23
53100287011,평와샤,34,34,27,04월 24일
53100287015,평와샤,47,47,39,14/27
53100287110,평와샤,73,73,67,09월 27일
53100287113,평와샤,102,102,101,29/31
53300197241,패킹,260,260,260,29/37
53300197243,패킹,280,280,280,12월 27일
53300197245,패킹,340,340,340,04월 24일
53300197247,패킹,420,420,420,10월 20일
53300197249,패킹,610,710,510,16/21
53300197251,패킹,600,700,600,5/38
53300197253,패킹,590,690,690,15/38
53300197255,패킹,800,900,800,04월 26일
53300197257,패킹,740,640,840,03월 29일
53300197259,패킹,830,830,"1,030.00",12월 22일
53300337041,보루지,364,364,364,32/39
53300337053,슈퍼매직 303,"1,100.00","1,000.00","1,280.00",4/39
53300337061,AL 밴드,300,300,360,08월 26일
53300527204,패킹재,440,440,440,26/40
53300527218,스텐밴드,"1,250.00","1,470.00","1,470.00",5/33
53300527219,스텐밴드,"1,530.00","1,800.00","1,800.00",05월 27일
53300527234,동망,"18,766.00","16,666.00","14,566.00",13/26
56102007001,공통자재,87,117,117,16/34
56400787092,유리면매트,"2,808.00","3,120.00","3,276.00",15/40
56810021007,내화충진재,0,0,0,22/29
56810021008,내화충진재,0,0,0,19/28
56810021012,내화충진재,0,0,0,13/28
56810021107,"내화충진재(강관,입상용)",0,0,0,23/35
56810021108,"내화충진재(강관,입상용)",0,0,0,08월 25일
56810023005,내화충진재(덕트용),0,0,0,26/28
56900017015,노무비,0,0,0,03월 20일
56900017019,노무비,0,0,0,05월 24일
56900017021,노무비,0,0,0,18/31
56900017030,노무비,0,0,0,27/37
56900017038,노무비,0,0,0,20/23
56900017041,노무비,0,0,0,5/33
56900017056,노무비,0,0,0,16/39
56900017101,노무비,0,0,0,24/39
56900017118,노무비,0,0,0,14/36
66403487022,게이지콕크,"2,430.00","2,730.00","2,830.00",12/33
66850037003,온도계,"33,150.00","28,450.00","35,680.00",11/34
66850047013,압력계,"4,500.00","4,500.00","5,890.00",06월 20일
68300057015,산소 가스,2,3,3,09월 27일
68300067001,아세틸렌 가스,"10,652.00","11,500.00","13,000.00",12월 24일
68300067021,아세틸렌 가스,13,13,15,28/29
68300117001,아르곤 가스,7,7,5,17/28
81350757029,은박 LAMI,600,500,700,20/20
81350757030,후렌지보온재,450,450,450,6/36
81350757031,점착비,0,0,0,08월 23일
81350757032,AL 밴드,360,360,360,22/33
81350757036,아티론보온재(폴레에칠렌),"9,300.00","10,800.00","9,000.00",15/30
95100407017,환봉(SS41),900,"1,000.00","1,210.00",16/37
95150127405,아연도강판,"4,050.00","4,349.00","5,002.00",22/39
95150127406,아연도강판,"4,770.00","5,085.00","6,001.00",04월 27일
95150127407,아연도강판,"6,210.00","6,574.00","7,730.00",21/33
95150127408,아연도강판,"7,610.00","8,034.00","9,550.00",21/23
95150127409,아연도강판,"9,130.00","9,649.00","11,349.00",06월 21일
95150507064,열연강판,930,830,862,17/39
95151347020,착색아연도강판,"4,214.00","5,014.00","6,214.00",07월 21일
95200017301,ㄷ형강,757,820,840,30/30
95200027011,ㄱ형강,757,820,875,12월 20일
MM830640933,CH1 CHILLER(SCREW),0,0,0,27/40
MM830640934,CT1 COOLING TOWER(직교류형),"22,018,900.00","25,520,200.00","18,550,000.00",13/36
MM830640935,P1냉각수순환펌프(인라인),"6,324,000.00","5,186,200.00","6,738,000.00",09월 22일
MM830640936,P2냉수순환펌프(인라인),"4,301,900.00","3,943,200.00","4,494,000.00",24/26
MM830642136,TCU1 TEMPERATURE CHAMBER UNIT,0,0,0,17/22
MM830642201,CDU1 CONDENSING UNIT,0,0,0,21/28
MM830642263,HB1 HEPA FILTER BOX(SCP),0,0,0,18/22
MM830642264,HB2 HEPA FILTER BOX(SCP),0,0,0,11/40
MM830642439,BFU1 BLOWER FILTER UNIT(SCP),0,0,0,13/32
MM830642440,BFU2 BLOWER FILTER UNIT(SCP),0,0,0,3/40
MM830642504,AS1 AIR SHOWER(STS304),0,0,0,08월 25일
MM830642505,AS2 AIR SHOWER(STS304),0,0,0,10/40
MM830642620,RD1 RELIEF DAMPER(WALLMOUNTED),0,0,0,19/35
MM830642621,RD2 RELIEF DAMPER(WALLMOUNTED),0,0,0,09월 30일
MM830642622,RD3 RELIEF DAMPER(WALLMOUNTED),0,0,0,11월 23일
MM830642660,AHU1A AIR HANDLING UNIT,0,0,0,28/31
MM830642661,AHU1B AIR HANDLING UNIT,0,0,0,16/21
MM830642662,AHU2A AIR HANDLING UNIT,0,0,0,34/34
MM830642663,AHU2B AIR HANDLING UNIT,0,0,0,07월 20일
MM830642664,AHU3 AIR HANDLING UNIT,0,0,0,09월 23일
MM830642865,CS1스막룸용신발장(STS1.5T),0,0,0,6/32
MM830642874,"T1응축수탱크(1,000LIT)",0,0,0,12월 21일
MM830642875,T2팽창탱크(100LIT),"936,500.00","928,800.00","1,150,000.00",13/26
MM830642876,T3냉수공급헤더,0,0,0,28/37
MM830642877,T4냉수환수헤더,0,0,0,25/31
MM830642878,T5증기공급헤더,0,0,0,18/20
MM830642895,CC1스막룸용신발장(STS1.5T),0,0,0,18/20
MM830642896,CC2스막룸용신발장(STS1.5T),0,0,0,16/23
MM830707855,F.D (STL),"67,000.00","61,500.00","60,000.00",5/37
MM830707856,F.D (STL),"74,800.00","68,600.00","90,000.00",9/35
MM830707857,F.D (STL),"221,400.00","215,000.00","210,000.00",10월 31일
MM830707858,F.D (STL),"169,700.00","155,000.00","189,000.00",05월 21일
MM830707860,F.D (STL),"315,400.00","377,400.00","360,000.00",07월 27일
MM830707861,GRILLE (STL),"193,300.00","220,800.00","192,000.00",19/27
MM830707862,T.V (STL),"140,800.00","138,800.00","126,000.00",2/33
MM830707863,T.V (STL),"387,600.00","378,300.00","360,000.00",11월 21일
MM830707864,V.D (STL),"96,300.00","109,600.00","82,500.00",16/25
MM830707865,V.D (STL),"83,100.00","98,200.00","90,000.00",22/23
MM830707866,V.D (STL),"90,500.00","95,300.00","90,000.00",25/34
MM830707867,V.D (STL),"115,800.00","100,000.00","99,000.00",02월 26일
MM830707868,V.D (STL),"105,100.00","90,300.00","117,000.00",05월 30일
MM830707869,V.D (STL),"133,750.00","107,850.00","126,750.00",28/40
MM830707870,V.D (STL),"150,600.00","178,100.00","157,500.00",19/34
MM830707871,V.D (STL),"22,000.00","21,900.00","20,000.00",17/29
MM830707872,V.D (STL),"18,200.00","19,900.00","20,000.00",07월 26일
MM830707873,V.D (STL),"18,700.00","20,600.00","20,000.00",18/27
MM830707874,V.D (STL),"17,600.00","20,600.00","20,000.00",15/36
MM830707875,V.D (STL),"17,900.00","18,700.00","21,000.00",34/40
MM830707876,V.D (STL),"25,400.00","27,400.00","24,000.00",13/31
MM830707877,V.D (STL),"25,325.00","20,425.00","23,625.00",23/26
MM830707878,V.D (STL),"27,900.00","33,300.00","27,000.00",23/38
MM830707879,V.D (STL),"35,475.00","35,975.00","30,375.00",11월 29일
MM830707880,V.D (STL),"24,650.00","23,950.00","26,250.00",20/21
MM830707881,V.D (STL),"35,700.00","41,100.00","30,000.00",10/36
MM830707882,V.D (STL),"40,000.00","38,800.00","36,000.00",26/38
MM830707883,V.D (STL),"42,200.00","46,900.00","40,500.00",22/33
MM830707884,V.D (STL),"50,500.00","44,500.00","54,000.00",13/38
MM830707885,V.D (STL),"39,450.00","40,550.00","47,250.00",11월 25일
MM830707886,V.D (STL),"57,500.00","62,500.00","52,500.00",28/29
MM830707887,V.D (STL),"52,900.00","47,400.00","54,000.00",07월 25일
MM830707888,V.D (STL),"49,800.00","47,400.00","60,000.00",14/34
MM830707889,V.D (STL),"54,200.00","57,800.00","66,000.00",21/39
MM830707890,소음챔버,"2,488,000.00","2,131,500.00","2,220,000.00",33/38
MM830707891,소음챔버,"2,863,900.00","2,402,800.00","2,835,000.00",17/37
MM830707892,소음챔버,"8,630,300.00","8,483,900.00","7,539,000.00",08월 22일
MM830707893,소음챔버,"7,651,900.00","8,547,500.00","9,060,000.00",10월 22일
MM830796191,GRILLE (STL),"80,700.00","87,900.00","72,000.00",32/38
MM830796225,AIR HEADER,0,0,0,16/36
MM830796228,B1 BOILER(관류형가스/LNG),0,0,0,24/25
MM830796255,에어카풀러,0,0,0,7/36
MM830796256,에어카풀러,0,0,0,19/22
MM830809789,AFTER COOLER(공냉식),0,0,0,31/34
MM830809795,AIR COMPRESSOR,0,0,0,23/24
MM830809796,AIR DRYER(냉동식),0,0,0,6/31
MM830809797,AIR DRYER(흡착식),0,0,0,15/20
MM830809810,FILTER(FINAL FILTER),0,0,0,20/24
MM830809811,FILTER(LINE FILTER),0,0,0,35/40
MM830809812,FILTER(MAIN FILTER),0,0,0,34/39
MM830809813,FILTER(PRE FILTER),0,0,0,10/39
MM830809818,PCW CHILLER,0,0,0,09월 24일
MM830809819,PCW FILTER(STS304),0,0,0,23/32
MM830809820,PCW PUMP,0,0,0,23/28
MM830809821,PCW TANK,0,0,0,02월 22일
MM830809822,PROCESS VACUUM PUMP,0,0,0,07월 31일
